{
  "metadata": {
    "name": "HentaiVN VIP",
    "author": "Kizias",
    "version": 5,
    "source": "https://hentaivnhot.net",
    "regexp": "(www.)?hentaivnhot.net/[0-9a-z-]+/?$",
    "description": "Nếu có lỗi bạn có thể liên hệ tới Email: kizias@duck.com",
    "locale": "vi-VN",
    "language": "javascript",
    "type": "comic",
    "tag": "nsfw"
  },
  "script": {
    "home": "home.js",
    "genre": "genre.js",
    "detail": "detail.js",
    "search": "search.js",
    "toc": "toc.js",
    "chap": "chap.js"
  }
}